Id,Date,Text,Retweets,Favorites,Hashtags,IsReply,MentionedUsers
1189470830650019842,2019-10-30 09:15:19,@TeslaStars @Tesla ‚Ä¶,77,3331,[],1,"['TeslaStars', 'Tesla']"
1189662336837025792,2019-10-30 21:56:18,@TeslaNY Walking on a Tesla Solarglass roof is definitely no problem!,74,1671,[],1,['TeslaNY']
1190094817084051456,2019-11-01 02:34:49,Tesla Solarglass vs üéÉ \nHappy Halloween!! https://t.co/p5tXeJYqne,4861,85493,[],0,[]
1191795051728269312,2019-11-05 19:10:57,@WillFealey @Teslarati Fair point. Coming soon. We‚Äôre making foundational upgrades to the core Tesla corporate OS. 2FA right after that.,76,1610,[],1,"['WillFealey', 'Teslarati']"
1192522536363282432,2019-11-07 19:21:43,RT @Teslarati: Tesla receives top scores in Moody‚Äôs Carbon Transition Assessment\nhttps://t.co/iWRvBiMCwg,434,0,[],0,['Teslarati']
1192650885010051073,2019-11-08 03:51:44,RT @ElectrekCo: 2020 Tesla Model 3 beats Hyundai IONIQ to become most efficient EV produced https://t.co/22UBKKzkIy by @llsethj https://t.c‚Ä¶,655,0,[],0,"['ElectrekCo', 'llsethj']"
1193552635606908928,2019-11-10 15:34:58,@getjeda @Tesla Haha,136,5021,[],1,"['getjeda', 'Tesla']"
1193555008001728512,2019-11-10 15:44:23,@xtrmmax @getjeda @Tesla Yes,71,2546,[],1,"['xtrmmax', 'getjeda', 'Tesla']"
1194443851903180800,2019-11-13 02:36:20,Congrats to Tesla team on Model 3 winning best midsize car in Germany! üá©üá™üá©üá™üá©üá™ https://t.co/4CDTf4c3eC,1950,25012,[],0,[]
1194746283820535808,2019-11-13 22:38:06,"RT @lexfridman: The pale blue dot and beyond... Thank you to @elonmusk and the SpaceX, Tesla, Neuralink teams for making the world dream. F‚Ä¶",7497,0,[],0,"['lexfridman', 'elonmusk']"
1194762745650003969,2019-11-13 23:43:30,@v_g_fischer @Tesla There will be many opportunities for both new & experienced people!,58,1401,[],1,"['v_g_fischer', 'Tesla']"
1194814381311381504,2019-11-14 03:08:41,@nichegamer @v_g_fischer @Tesla Memes are modern art,227,1730,[],1,"['nichegamer', 'v_g_fischer', 'Tesla']"
1194816538022416385,2019-11-14 03:17:15,@flcnhvy @v_g_fischer @Tesla It was Tacheles,23,701,[],1,"['flcnhvy', 'v_g_fischer', 'Tesla']"
1196296059204407296,2019-11-18 05:16:21,@farrxy @Ford I‚Äôd be way too embarrassed to put that on a Tesla. It‚Äôs like a kid‚Äôs drawing.,46,1457,[],1,"['farrxy', 'Ford']"
1197235962171904000,2019-11-20 19:31:11,"@TeslaTested So many reporters gave Chanos airtime when he called Tesla a worthless fraud. Now that he has been proven wrong, silence ‚Ä¶",538,4745,[],1,['TeslaTested']
1197612659568336896,2019-11-21 20:28:03,RT @Tesla: Cybertruck Unveil starts at 8\n\nStay tuned for livestream https://t.co/zrbsoKKLd7,7683,0,[],0,['Tesla']
1197624614714630146,2019-11-21 21:15:33,@WillFealey @Tesla Fun party guaranteed!,66,1501,[],1,"['WillFealey', 'Tesla']"
1197627433970589696,2019-11-21 21:26:45,Tesla Cybertruck (pressurized edition) will be official truck of Mars,10253,121938,[],0,[]
1197637653903970304,2019-11-21 22:07:22,@ElenMatvievska @Tesla Coming soon! We‚Äôre working to complete the full Supercharger route from London to Shanghai.,138,2223,[],1,"['ElenMatvievska', 'Tesla']"
1197712322233389056,2019-11-22 03:04:04,RT @Tesla: Cybertruck Unveil livestream starts at 8pm \nhttps://t.co/BhTBgNqeWQ https://t.co/qzKnsIkkms,2819,0,[],0,['Tesla']
1197712829177987072,2019-11-22 03:06:05,@DMC_Ryan High time we had a Tesla coil!,78,1850,[],1,['DMC_Ryan']
1197755415485771776,2019-11-22 05:55:18,RT @engineers_feed: @Tesla Oh. My. God. The Tesla Cyber Truck üî•\nCredit @MyTeslaAdventur https://t.co/v424gdB2XP,5414,0,[],0,"['engineers_feed', 'Tesla', 'MyTeslaAdventur']"
1197886092889821184,2019-11-22 14:34:34,RT @MotorTrend: The MotorTrend team visited @Tesla twice during the development of #Cybertruck. Six exclusive stories and five videos at ht‚Ä¶,3039,0,['Cybertruck'],0,"['MotorTrend', 'Tesla']"
1197886803799232512,2019-11-22 14:37:24,@MoeSargi Tesla 2 person electric ATV will come at first as an option for Cybertruck,311,3917,[],1,['MoeSargi']
1197895848950026240,2019-11-22 15:13:20,@mithunoorath @Tesla Yes,149,5618,[],1,"['mithunoorath', 'Tesla']"
1198093416359325697,2019-11-23 04:18:24,@SuperSaf @Tesla Sure,345,11882,[],1,"['SuperSaf', 'Tesla']"
1198704127439560705,2019-11-24 20:45:09,"@annerajb @flcnhvy We‚Äôre creating this alloy at Tesla. Not a problem to create a lot of it, but we‚Äôll need to come up with new body manufacturing methods, as it can‚Äôt be made using standard methods.",123,2568,[],1,"['annerajb', 'flcnhvy']"
1198746930970386433,2019-11-24 23:35:14,@Sofiaan @Tesla We should def make it good to hang out there,51,1389,[],1,"['Sofiaan', 'Tesla']"
1198747350069460992,2019-11-24 23:36:54,"@TeslaOwnersofMA @Sofiaan @Tesla In general, this is something Tesla should do",41,1308,[],1,"['TeslaOwnersofMA', 'Sofiaan', 'Tesla']"
1199240674484162560,2019-11-26 08:17:12,@Nnedi @Tesla We‚Äôd be happy to help,87,2405,[],1,"['Nnedi', 'Tesla']"
1199718926218776576,2019-11-27 15:57:36,@RenataKonkoly @Tesla @Teslarati @InsideEVs ü§£ü§£,699,28886,[],1,"['RenataKonkoly', 'Tesla', 'Teslarati', 'InsideEVs']"
1199720951899811841,2019-11-27 16:05:39,@TheWalkingDead @Tesla The finest in apocalypse protection technology! Flamethrower optional.,641,12949,[],1,"['TheWalkingDead', 'Tesla']"
1200326465104990209,2019-11-29 08:11:44,@hardmaru @Tesla Touch√©,361,12743,[],1,"['hardmaru', 'Tesla']"
1201005212812468232,2019-12-01 05:08:50,"@indiealexh @es2120 @Tesla @woodhaus2 Safety work is done by engineering, with passive safety by body/chassis eng & active by Autopilot. Design in automotive refers to look & feel.",110,1566,[],1,"['indiealexh', 'es2120', 'Tesla', 'woodhaus2']"
1201020290853044224,2019-12-01 06:08:45,@TeslaForLife @Tesla @RamTrucks @Ford Laminar air flow due to a completely smooth bottom is underappreciated,360,10230,[],1,"['TeslaForLife', 'Tesla', 'RamTrucks', 'Ford']"
1201244266443366400,2019-12-01 20:58:45,"@royalsociety Tesla was almost called Faraday, as original holder of Tesla Motors trademark refused to sell it to us!",193,2981,[],1,['royalsociety']
1202298140763639809,2019-12-04 18:46:29,RT @Tesla: Model X just earned 5 stars from Euro NCAP in safety testing,2492,0,[],0,['Tesla']
1203115312016547840,2019-12-07 00:53:37,@vincent13031925 @vicentes @neiltyson Huge admiration & respect for the Tesla China team. Their talent & drive is amazing!,229,4883,[],1,"['vincent13031925', 'vicentes', 'neiltyson']"
1204116819956494336,2019-12-09 19:13:15,RT @Teslarati: Tesla's Virtual Power Plant rescues grid after coal peaker fails despite being only 2% complete\nhttps://t.co/XZZts0R3vl,1083,0,[],0,['Teslarati']
1204890899454410752,2019-12-11 22:29:10,"RT @edmunds: The Edmunds 2020 #TopRated best EV of the year is the @Tesla Model 3.\n\nThe Model 3 is unlike any other vehicle on sale, electr‚Ä¶",1208,0,['TopRated'],0,"['edmunds', 'Tesla']"
1205029016761094150,2019-12-12 07:38:00,@andrewMcarney @Tesla Sure,66,2059,[],1,"['andrewMcarney', 'Tesla']"
1207072889318465542,2019-12-17 22:59:37,@AlexSibila @Tesla Some good ideas here!,70,1476,[],1,"['AlexSibila', 'Tesla']"
1207131698468544512,2019-12-18 02:53:18,"@acevedo_lex @AlexSibila @Tesla Yes, probably & partially",82,1907,[],1,"['acevedo_lex', 'AlexSibila', 'Tesla']"
1207572562466738177,2019-12-19 08:05:09,Tesla Moth Mode (better late than never) https://t.co/Rcu87A8NkO,20116,183838,[],0,[]
1207865226604863488,2019-12-20 03:28:05,"Tesla holiday software update has FSD sneak preview, Stardew Valley, Lost Backgammon & a few other things",3073,64362,[],0,[]
1208470170697527296,2019-12-21 19:31:55,@dealer_of_happy @Tesla We‚Äôre working on moving more cars to Florida. End of year delivery is intense! Very proud of Tesla team for all their hard work.,185,4377,[],1,"['dealer_of_happy', 'Tesla']"
1208671790706216960,2019-12-22 08:53:05,"@RationalEtienne @cleantechnica That‚Äôs certainly our impression, but it‚Äôs an old version of Tesla software, so effect is limited",106,2452,[],1,"['RationalEtienne', 'cleantechnica']"
1208675660006191106,2019-12-22 09:08:28,@RationalEtienne @DonchoGunchev @Tesla @karpathy Sending you healing vibes ‚Ä¶,79,1961,[],1,"['RationalEtienne', 'DonchoGunchev', 'Tesla', 'karpathy']"
1208831048026509312,2019-12-22 19:25:55,"If Tesla & SpaceX go bankrupt, so will I. As it should be.",7579,131789,[],1,[]
1208832207801872385,2019-12-22 19:30:32,"@TechnologicAli Started Zip2 with ~$2k & ~$100k of student debt, rolled proceeds into X/PayPal, rolled proceeds again into SpaceX/Tesla, but these are all companies where I played fundamental founding role. Not right to ask others to put in money if I don‚Äôt put in mine.",823,12371,[],1,['TechnologicAli']
1208876280491327488,2019-12-22 22:25:39,@therealcliffyb @Tesla Good point,46,1838,[],1,"['therealcliffyb', 'Tesla']"
1208877220233482240,2019-12-22 22:29:23,@therealcliffyb @Tesla @SpaceX Truth,39,1065,[],1,"['therealcliffyb', 'Tesla', 'SpaceX']"
1209535258653286418,2019-12-24 18:04:12,RT @Tesla: Trans-Canada Supercharger route from Vancouver to Halifax is now open! üá®üá¶‚ö°\nOver half the locations are V3 for the fastest chargi‚Ä¶,2131,0,[],0,['Tesla']
1209536537794359297,2019-12-24 18:09:17,@Erdayastronaut @Tesla Yes,89,3186,[],1,"['Erdayastronaut', 'Tesla']"
1209592161425149952,2019-12-24 21:50:19,"RT @Teslarati: Happy Holidays via OTA!\n\nAwesome first look at Tesla's (2019.40.50) software update in action, by @tesla_raj : Text messagin‚Ä¶",400,0,[],0,"['Teslarati', 'tesla_raj']"
1210259962598838272,2019-12-26 18:03:55,@TeslaOwnersofMA @Tesla @disneyplus @BenSullins Coming soon,120,2312,[],1,"['TeslaOwnersofMA', 'Tesla', 'disneyplus', 'BenSullins']"
1210263196457504768,2019-12-26 18:16:46,@teslaownersSV @tesla_unplugged @TeslaOwnersofMA @Tesla @disneyplus @BenSullins No,40,827,[],1,"['teslaownersSV', 'TeslaOwnersofMA', 'Tesla', 'disneyplus', 'BenSullins']"
1210267959588864000,2019-12-26 18:35:41,"@teslaownersSV @tesla_unplugged @TeslaOwnersofMA @Tesla @disneyplus @BenSullins Car should autonavigate to destinations based on your calendar. If nothing in calendar, should do work in morning & home in evening. Future versions will guess based on prior patterns (if preference enabled).",69,1063,[],1,"['teslaownersSV', 'TeslaOwnersofMA', 'Tesla', 'disneyplus', 'BenSullins']"
1210268839507681280,2019-12-26 18:39:11,@teslaownersSV @tesla_unplugged @TeslaOwnersofMA @Tesla @disneyplus @BenSullins Merry Christmas üéÑüéÅüòÄ\nHope you‚Äôre enjoying latest software update!,106,1740,[],1,"['teslaownersSV', 'TeslaOwnersofMA', 'Tesla', 'disneyplus', 'BenSullins']"
1210269213174034432,2019-12-26 18:40:40,"@TesLatino @teslaownersSV @tesla_unplugged @TeslaOwnersofMA @Tesla @disneyplus @BenSullins If you enter a longer distance than range, system should autonav to optimal Superchargers along the way. Is it not doing this correctly?",39,979,[],1,"['TesLatino', 'teslaownersSV', 'TeslaOwnersofMA', 'Tesla', 'disneyplus', 'BenSullins']"
1210270551236730880,2019-12-26 18:45:59,"Just swipe down on Tesla nav button for car to automatically navigate to home, work or destination in calendar",2236,60281,[],0,[]
1210293100616151040,2019-12-26 20:15:36,@flcnhvy @Sofiaan @Erdayastronaut The overarching goal of Tesla engineering is maximize area under user happiness curve,166,2306,[],1,"['flcnhvy', 'Sofiaan', 'Erdayastronaut']"
1211194577643810816,2019-12-29 07:57:44,@SMZGallagher @Tesla Sorry about this. We will do our best. The Tesla production & delivery teams have been working super hard.,38,1046,[],1,"['SMZGallagher', 'Tesla']"
1211242943933083648,2019-12-29 11:09:56,@Snipergen @Tesla Sure. Trax will get much better & more fun. This is an alpha version.,66,1418,[],1,"['Snipergen', 'Tesla']"
1211456506601857025,2019-12-30 01:18:33,@ingmutw @iam_preethi @Tesla Ok,43,1139,[],1,"['iam_preethi', 'Tesla']"
1211460287540465664,2019-12-30 01:33:35,@BrianGilbert_ @Tesla @AusTeslaOwners Is purchasing through the Tesla app not working?,26,346,[],1,"['BrianGilbert_', 'Tesla', 'AusTeslaOwners']"
1211461989467394049,2019-12-30 01:40:20,@BrianGilbert_ @Tesla @AusTeslaOwners Tesla app based payment will soon be rolled out WW. It‚Äôs tough making functionality work across so many regulatory domains.,42,637,[],1,"['BrianGilbert_', 'Tesla', 'AusTeslaOwners']"
1211485911441117185,2019-12-30 03:15:24,@vincent13031925 @Tesla @jsrdctz Amazing work by Tesla China team!! ‚ù§Ô∏è‚ù§Ô∏è,164,2778,[],1,"['vincent13031925', 'Tesla', 'jsrdctz']"
1211552159034171392,2019-12-30 07:38:38,@ajtourville @Erdayastronaut Tesla uses that to wirebond cells to module current collectors. Is there a commercially available machine that can weld ~4mm full hard 301 stainless barrels & domes?,41,673,[],1,"['ajtourville', 'Erdayastronaut']"
1211553335855271936,2019-12-30 07:43:19,@TeslaGong @BrianGilbert_ @Tesla @AusTeslaOwners Coming ‚Ä¶,27,369,[],1,"['TeslaGong', 'BrianGilbert_', 'Tesla', 'AusTeslaOwners']"
1211554346414067712,2019-12-30 07:47:20,"@TeslaGong @BrianGilbert_ @Tesla @AusTeslaOwners Tesla merch def needs some love, but too many fish to fry rn",45,839,[],1,"['TeslaGong', 'BrianGilbert_', 'Tesla', 'AusTeslaOwners']"
1211556824442425344,2019-12-30 07:57:11,"@Erdayastronaut Direct drive using several Tesla Plaid motors in parallel for SN1. Simpler, lighter & more fault tolerant. Rear flaps each need ~1.5 megawatts. It‚Äôs like moving the entire wing of an aircraft!",118,1738,[],1,['Erdayastronaut']
1211586941931675649,2019-12-30 09:56:51,"@EverydayTesla Yeah, engineering is ~90% of my time at SpaceX & about ~60% at Tesla",118,1955,[],1,['EverydayTesla']
1211779406676611073,2019-12-30 22:41:38,@JaneidyEve Headed to Tesla Fremont factory tomorrow to help with vehicle deliveries,186,2389,[],1,['JaneidyEve']
1211836235762880512,2019-12-31 02:27:28,@teslaownersSV @rhoehn Thanks all Tesla club members for helping out! Looking forward to seeing you there tomorrow. ‚ù§Ô∏è,157,3077,[],1,"['teslaownersSV', 'rhoehn']"
1212091907762819072,2019-12-31 19:23:25,RT @Teslarati: Tesla Model S gets another 'Car of the Decade' Award: 'Nothing Else Comes Close'\nhttps://t.co/m26soDUp0J,1261,0,[],0,['Teslarati']
1212264717617639424,2020-01-01 06:50:06,Congratulations Tesla & SpaceX on great 2019! You rock!! Looking forward to epic 2020 ‚ô•Ô∏èüöÄüõ∞üöò‚òÄÔ∏è,7756,162077,[],0,[]
1213302526239531008,2020-01-04 03:33:58,"@hot_rod_co @Tesla People talk about the products they *love*, that touch their heart & bring moments of joy",331,6797,[],1,"['hot_rod_co', 'Tesla']"
1213880594200817664,2020-01-05 17:51:01,@APompliano @Tesla Fair piece by Stoll,94,3026,[],1,"['APompliano', 'Tesla']"
1214483582363693057,2020-01-07 09:47:04,At Tesla Giga Shanghai NSFW!! https://t.co/1yrPyzJQGZ,35031,295969,[],0,[]
1214956305808527361,2020-01-08 17:05:30,‚ô•Ô∏è‚ô•Ô∏è Tesla China Team ‚ô•Ô∏è‚ô•Ô∏è\n     Such amazing progress!!,2907,91609,[],0,[]
1216903105352060928,2020-01-14 02:01:23,@rhoehn @Tesla Thanks for mentioning! We should‚Äôve done this ages ago.,154,7676,[],1,"['rhoehn', 'Tesla']"
1217493904297058304,2020-01-15 17:09:01,@nntaleb Just saw this today. Tesla refunds in general should be easy to get electronically & certainly through customer service. Will he addressed.,256,12869,[],1,['nntaleb']
1218290871126216704,2020-01-17 21:55:53,"@kekai Munro‚Äôs analysis of Tesla engineering is accurate, both pro & con. I think he will appreciate some elements of the Model Y body design.",173,2377,[],1,['kekai']
1219667824991506433,2020-01-21 17:07:24,@vm_one1 @Exhaustedpengu1 @RationalEtienne Would like to take a moment to thank Michael & Ze‚Äôev for helping Tesla. It was very hard work & both could‚Äôve just rested on their laurels. Much appreciated üçª.,81,1317,[],1,"['vm_one1', 'Exhaustedpengu1', 'RationalEtienne']"
1219881215156801537,2020-01-22 07:15:20,Want to play The Witcher game on your Tesla? (you can already watch the show on Tesla Netflix theater),8838,84463,[],0,[]
1220768333097771011,2020-01-24 18:00:26,@Erdayastronaut @TrevorMahlmann @Tesla V3 Supercharger deployment will accelerate considerably this year,355,6898,[],1,"['Erdayastronaut', 'TrevorMahlmann', 'Tesla']"
1220938613862436865,2020-01-25 05:17:04,"@EvaFoxU @Tesla Sounds like we need to clear up a few things! Tesla won‚Äôt use this much net water on a daily basis. It‚Äôs possibly a rare peak usage case, but not an everyday event. Also, this is not a natural forest ‚Äî it was planted for use as cardboard & only a small part will be used for GF4.",403,6067,[],1,"['EvaFoxU', 'Tesla']"
1220940018589388800,2020-01-25 05:22:39,@EvaFoxU @Tesla Giga Berlin / GF4 will absolutely be designed with sustainability and the environment in mind,127,1455,[],1,"['EvaFoxU', 'Tesla']"
1220940556827652096,2020-01-25 05:24:47,@Kristennetten @EvaFoxU @Tesla Exactly!,44,919,[],1,"['Kristennetten', 'EvaFoxU', 'Tesla']"
1220940716219650048,2020-01-25 05:25:25,@HarryStoltz1 @EvaFoxU @Tesla Yes,72,1493,[],1,"['HarryStoltz1', 'EvaFoxU', 'Tesla']"
1220941133506699264,2020-01-25 05:27:04,@teslaownersSV @Kristennetten @EvaFoxU @Tesla Yes,59,1364,[],1,"['teslaownersSV', 'Kristennetten', 'EvaFoxU', 'Tesla']"
1220942162046541824,2020-01-25 05:31:10,"@IheartTesla @EvaFoxU @Tesla For sure. Giga Berlin will build sustainable energy vehicles using sustainable energy, so net environmental impact will be extremely positive!",227,4137,[],1,"['IheartTesla', 'EvaFoxU', 'Tesla']"
1220943367753699329,2020-01-25 05:35:57,"@IheartTesla @EvaFoxU @Tesla Going with nomenclature of Giga [most widely understood location name] vs Giga #, so Giga Shanghai, Giga Nevada, Giga New York & Giga Berlin",170,2097,[],1,"['IheartTesla', 'EvaFoxU', 'Tesla']"
1221176639339425792,2020-01-25 21:02:53,"A Tesla works as a boat for short periods of time, as an electric car has no air intake or exhaust to block & battery/motor/electronics are water-sealed. Submarines are just underwater EVs. \nhttps://t.co/1U63ZoVj3q https://t.co/KKfcUQGYnL",4937,46672,[],0,[]
1222597315023654912,2020-01-29 19:08:09,A friend just sent me this excerpt from a Tesla blog I wrote 14 years ago https://t.co/Hr8w52ithY,35868,355893,[],0,[]
1223691762004348934,2020-02-01 19:37:05,@MarcelMeijer @Tesla Yes,37,894,[],1,"['MarcelMeijer', 'Tesla']"
1224043531951583233,2020-02-02 18:54:54,"‚ÄúAt Tesla, using AI to solve self-driving isn‚Äôt just icing on the cake, it the cake‚Äù - @lexfridman \n\nJoin AI at Tesla! It reports directly to me & we meet/email/text almost every day. My actions, not just words, show how critically I view (benign) AI.\n\nhttps://t.co/iF97zvYZRz",5119,45409,[],0,['lexfridman']
1224045120670064641,2020-02-02 19:01:13,"Tesla will soon have over a million connected vehicles worldwide with sensors & compute needed for full self-driving, which is orders of magnitude more than everyone else combined, giving you the best possible dataset to work with",956,13230,[],1,[]
1224087317364854785,2020-02-02 21:48:53,Tesla will hold a super fun AI party/hackathon at my house with the Tesla AI/autopilot team in about four weeks. Invitations going out soon.,5779,106816,[],0,[]
1224218624514314240,2020-02-03 06:30:39,"@flcnhvy @Tesla @thirdrowtesla Ok sure üòÄ Btw, we recruit great engineers from almost anywhere in the world, so this shouldn‚Äôt be thought of as USA only. Also, work location can be Bay Area (preferred), but Austin (many of our chip designers are there) or potentially any Tesla Gigafactory.",229,5117,[],1,"['flcnhvy', 'Tesla', 'thirdrowtesla']"
1225973907615821825,2020-02-08 02:45:31,@RationalEtienne @Tesla @kimbal Haha true,91,3195,[],1,"['RationalEtienne', 'Tesla', 'kimbal']"
1226635243408543750,2020-02-09 22:33:26,"Hard to believe that is high efficiency solar power seamlessly integrated into beautiful roof tiles. Great work by SolarGlass engineering, Giga NY factory & Tesla installation teams!",904,22413,[],1,[]
1226743836677935105,2020-02-10 05:44:57,"@Revoeh020 @Tesla Yes, but we want to focus on textured black first, then move into Earth tones & convolutions",89,3437,[],1,"['Revoeh020', 'Tesla']"
1226920048918269952,2020-02-10 17:25:09,Please let us know what improvements we can make to any aspect of Tesla SolarGlass roof! Critical feedback is much appreciated.,581,18630,[],1,[]
1226920273753997316,2020-02-10 17:26:02,@G_d_Photographr Sounds like we should open a Tesla Center there!,37,619,[],1,['G_d_Photographr']
1226922175715627008,2020-02-10 17:33:36,"@Emmonstein No problem. Snow and ice tend to slide off the Tesla SolarGlass due to lower surface roughness, so accumulates less than a normal roof. Even so, it‚Äôs very strong and can be walked on without breaking the glass tiles.",80,1164,[],1,[]
1226924143527940096,2020-02-10 17:41:25,Should preface this saying that feedback from early Tesla Solar roof owners has been v positive. It‚Äôs stunning vs a regular roof in person imo. Photos don‚Äôt do it justice.,300,9903,[],1,[]
1226926073532862465,2020-02-10 17:49:05,"Tesla April company talk will be from our Giga New York factory, where we make SolarGlass & several other products. Will also offer customer & media tours.",1825,36035,[],0,[]
1227499833155391488,2020-02-12 07:49:00,@EVHQ2 @Tesla This does seem high,200,11648,[],1,"['EVHQ2', 'Tesla']"
1228395668521156608,2020-02-14 19:08:44,@teslaownersSV @Tesla Will take action,96,3157,[],1,"['teslaownersSV', 'Tesla']"
1228540886826418178,2020-02-15 04:45:47,Tesla Model S estimated EPA range is now above 390 miles or ~630 km https://t.co/sNFzIkuJpC,3536,47436,[],0,[]
1228849721013346304,2020-02-16 01:12:59,"Tesla is ramping up Solar Roof installation across the USA! Training will be provided, so no prior experience needed. Apply at https://t.co/84BkZvuBn8",5112,49482,[],0,[]
1229546793811226627,2020-02-17 23:22:54,"@_KarenHao @OpenAI All orgs developing advanced AI should be regulated, including Tesla",255,1832,[],1,"['_KarenHao', 'OpenAI']"
1230587629210603531,2020-02-20 20:18:48,RT @Tesmanian_com: Tesla Model 3 Is Consumer Reports' Top EV Pick for 2020 https://t.co/4ZthC6qt88 https://t.co/AyIfI6CsNb,998,0,[],0,['Tesmanian_com']
1231332796964032512,2020-02-22 21:39:50,Getting there was super hard. Very proud of Tesla team!,540,20827,[],1,[]
1234521166003478529,2020-03-02 16:49:16,RT @WIRED: Your Cybertruck is here. It's just ... a toy. The Hot Wheels Tesla Cybertruck goes 25 miles per hour and accelerates like a demo‚Ä¶,2866,0,[],0,['WIRED']
1235037411656298496,2020-03-04 03:00:39,"RT @Teslarati: Tesla rolls out ""range update"" for Model S, Model X display to reflect improved efficiency. Model X shows a whopping 354 mil‚Ä¶",613,0,[],0,['Teslarati']
1235268457676988417,2020-03-04 18:18:45,"@Sofiaan @Tesla True. Oddly, those who complained didn‚Äôt actually order FSD. Perhaps they weren‚Äôt aware that the computer is upgraded for free if the FSD option is ordered even after delivery.",115,1540,[],1,"['Sofiaan', 'Tesla']"
1235268973509234688,2020-03-04 18:20:48,"@Erdayastronaut @Sofiaan @Tesla Cool, we‚Äôre tracking to release more FSD features later this month",198,2370,[],1,"['Erdayastronaut', 'Sofiaan', 'Tesla']"
1235269705109127168,2020-03-04 18:23:42,@justpaulinelol @Erdayastronaut @Sofiaan @Tesla We‚Äôre making progress. Improved rules are going through the EU standards committees. Hopefully better in a few months.,117,2133,[],1,"['justpaulinelol', 'Erdayastronaut', 'Sofiaan', 'Tesla']"
1235304051165868033,2020-03-04 20:40:11,RT @Tesla: Model 3 recently earned the 2020 IIHS Top Safety Pick+ Award. Winning cars are selected on their ability to protect people insid‚Ä¶,1891,0,[],0,['Tesla']
1235671666572668929,2020-03-05 21:00:57,RT @Tesla: Art of the Roof,3894,0,[],0,['Tesla']
1235671806318538752,2020-03-05 21:01:30,@Tesla Raising art to new heights,513,19177,[],1,['Tesla']
1237204618850992129,2020-03-10 02:32:21,"Congratulations Tesla team on making our 1,000,000th car!! https://t.co/5M99a9LLQi",19911,255507,[],0,[]
1237239239915569153,2020-03-10 04:49:56,Tesla should have a mega rave cave under the Berlin Gigafatory,9413,76209,[],0,[]
1237470704351805440,2020-03-10 20:09:41,@EvaFoxU @Autozeitung @Tesla ‚ö°Ô∏è,85,2602,[],1,"['EvaFoxU', 'Autozeitung', 'Tesla']"
1237533992741556224,2020-03-11 00:21:10,RT @vincent13031925: Tesla Topped 1st Place üèÜü•á in Consumer Reports Owner Satisfaction Survey üëèüèªüëèüèªüëèüèª\n\n$TSLA #Tesla \n@elonmusk @Tesla\nhttps:/‚Ä¶,902,0,['Tesla'],0,"['vincent13031925', 'elonmusk', 'Tesla']"
1237764524914196480,2020-03-11 15:37:13,@TesLatino @Tesla Checking,64,1429,[],1,"['TesLatino', 'Tesla']"
1239024200708308999,2020-03-15 03:02:44,@Tesla Congratulations Giga NY team!,383,13099,[],1,['Tesla']
1239610642325274624,2020-03-16 17:53:02,RT @Tesla: Model Y deliveries begin!\n\nhttps://t.co/ZhuiM5MTOf https://t.co/3gX6MBPmhp,5552,0,[],0,['Tesla']
1240492347835604992,2020-03-19 04:16:37,"@NateSilver538 Tesla makes cars with sophisticated hvac systems. SpaceX makes spacecraft with life support systems. Ventilators are not difficult, but cannot be produced instantly. Which hospitals have these shortages you speak of right now?",2106,12170,[],1,['NateSilver538']
1240770845682720768,2020-03-19 22:43:16,@Cernovich China is operating normally across hundreds of suppliers & all of Tesla Shanghai,305,4467,[],1,['Cernovich']
1241461201101410309,2020-03-21 20:26:30,RT @Medtronic: Addressing #COVID19 is a group effort. We are grateful for the discussion with @ElonMusk and @Tesla as we work across indust‚Ä¶,3073,0,['COVID19'],0,"['Medtronic', 'elonmusk', 'Tesla']"
1241828697599963137,2020-03-22 20:46:48,@NativeCACV @Tesla @omead_a You‚Äôre most welcome. We‚Äôre working on getting other types of PPE too. Ventilators should arrive within a few days.,152,1593,[],1,"['NativeCACV', 'Tesla', 'omead_a']"
1241875868781146113,2020-03-22 23:54:14,@EvaFoxU @Tesla Supply chain logistics ‚Äî getting masks & other PPE to the right places in time  ‚Äî is the main issue we‚Äôre hearing from ER physicians,194,2335,[],1,"['EvaFoxU', 'Tesla']"
1241876954158006272,2020-03-22 23:58:33,"@justpaulinelol @EvaFoxU @Tesla We expect to have over ~1200 to distribute this week. Getting them delivered, installed & operating is the harder part.",856,10568,[],1,"['justpaulinelol', 'EvaFoxU', 'Tesla']"
1241877739096944643,2020-03-23 00:01:40,@uwdrwaldorf @Tesla @omead_a @UWMedicine Thanks for taking delivery in your garage! Let us know if there‚Äôs anything else you need.,134,2384,[],1,"['uwdrwaldorf', 'Tesla', 'omead_a', 'UWMedicine']"
1242280418868711425,2020-03-24 02:41:46,"@SteveHamel16 @JordanWells33 @hereforthecom19 @ScottWapnerCNBC Thanks Tesla China team, China Customs Authority & LAX customs for acting so swiftly",335,6059,[],1,"['SteveHamel16', 'JordanWells33', 'hereforthecom19', 'ScottWapnerCNBC']"
1242881125049085956,2020-03-25 18:28:46,@flcnhvy @Tesla Making good progress. We will do whatever is needed to help in these difficult times.,707,11610,[],1,"['flcnhvy', 'Tesla']"
1242881868426612736,2020-03-25 18:31:43,@PPathole @flcnhvy @Tesla Yes. Is there more? Should be a lot of data by now.,42,800,[],1,"['PPathole', 'flcnhvy', 'Tesla']"
1242893395338674176,2020-03-25 19:17:31,@PPathole @flcnhvy @Tesla C19 testing in the US over the past week has grown much faster than C19 positive cases. I think we may have passed the inflection point for US cases (excluding NY) already.,171,1665,[],1,"['PPathole', 'flcnhvy', 'Tesla']"
1242899515268648962,2020-03-25 19:41:51,@enscand @PPathole @flcnhvy @Tesla Something weird happened at CDC yesterday. They changed the graph to include ‚Äúestimated illness onset date‚Äù. This is a significantly less rigorous standard. https://t.co/Dz2Nio5ddi,61,749,[],1,"['enscand', 'PPathole', 'flcnhvy', 'Tesla']"
1242900612897005571,2020-03-25 19:46:12,@flcnhvy @Tesla Giga New York will reopen for ventilator production as soon as humanly possible. We will do anything in our power to help the citizens of New York.,908,7663,[],1,"['flcnhvy', 'Tesla']"
1243556799275577346,2020-03-27 15:13:39,@NYCMayor You‚Äôre most welcome. Credit to the Tesla team. Will do our best to help in any way.,693,17780,[],1,['NYCMayor']
1243560200898064388,2020-03-27 15:27:10,"@NYCMayor Biggest value Tesla is providing is precise delivery of ventilators exactly to the ICU where & when they‚Äôre needed. There are many ventilators in warehouses, but stuck in logistics/routing/paperwork issues.",405,5206,[],1,['NYCMayor']
1245009716935188481,2020-03-31 15:27:02,"We have extra FDA-approved ventilators. Will ship to hospitals worldwide within Tesla delivery regions. Device & shipping cost are free. Only requirement is that the vents are needed immediately for patients, not stored in a warehouse. Please me or @Tesla know.",72094,313502,[],0,['Tesla']
1245065298857742336,2020-03-31 19:07:54,@NYCHealthSystem @Tesla Happy we could be helpful! More available if needed.,560,14564,[],1,"['NYCHealthSystem', 'Tesla']"
1245901072368975872,2020-04-03 02:28:58,@ChrisDungeon @Tesla ü§î,74,1996,[],1,"['ChrisDungeon', 'Tesla']"
1246208196936523776,2020-04-03 22:49:22,"@jgrano305 @Kristennetten @brandonbernicky @thirdrowtesla Oh sure, good point. Will discuss with team & make available to buy in Tesla app.",47,736,[],1,"['jgrano305', 'Kristennetten', 'brandonbernicky', 'thirdrowtesla']"
1246277569449787392,2020-04-04 03:25:01,@28delayslater @thirdrowtesla First Medtronic units from Tesla getting installed in NY metro area. These are for worst case situations. https://t.co/xyFRZwv1M7,726,7190,[],1,"['28delayslater', 'thirdrowtesla']"
1246280327850610689,2020-04-04 03:35:59,@teslaownersSV @28delayslater @thirdrowtesla Tesla is on second rev of internal ventilator design. Will post an update on this tomorrow.,228,2479,[],1,"['teslaownersSV', '28delayslater', 'thirdrowtesla']"
1246487833025576961,2020-04-04 17:20:32,@NYCHealthSystem @Tesla You‚Äôre welcome!,129,4648,[],1,"['NYCHealthSystem', 'Tesla']"
1246501623888842753,2020-04-04 18:15:20,@HenryFordNews @Tesla üëç,139,5688,[],1,"['HenryFordNews', 'Tesla']"
1246534854667390982,2020-04-04 20:27:23,RT @Medtronic: #MDTisMobilizing with @elonmusk. Our collaboration with @Tesla / SpaceX is bearing fruit. @SpaceX is now making a vital comp‚Ä¶,1077,0,['MDTisMobilizing'],0,"['Medtronic', 'elonmusk', 'Tesla', 'SpaceX']"
1246694673718169600,2020-04-05 07:02:27,We‚Äôre adding this here catchy tune to the music maker in the Tesla!,301,11123,[],1,[]
1246946035882242050,2020-04-05 23:41:16,RT @Tesla: Engineering update on the Tesla ventilator,8462,0,[],0,['Tesla']
1246947465334530048,2020-04-05 23:46:57,@BramJan75663351 @flcnhvy @Tesla Love that Gen Shinseki quote!,34,863,[],1,"['BramJan75663351', 'flcnhvy', 'Tesla']"
1246947498939355137,2020-04-05 23:47:05,@flcnhvy @Tesla Cool!,64,1454,[],1,"['flcnhvy', 'Tesla']"
1247291784750718976,2020-04-06 22:35:09,@flcnhvy @Sofiaan @Tesla That‚Äôs our goal!,122,5098,[],1,"['flcnhvy', 'Sofiaan', 'Tesla']"
1247411179569287169,2020-04-07 06:29:35,@rknapp_12 @Tesla @thirdrowtesla Coming soon,92,5075,[],1,"['rknapp_12', 'Tesla', 'thirdrowtesla']"
1247695291739852800,2020-04-08 01:18:33,"@thirdrowtesla Humans drive using 2 cameras on a slow gimbal & are often distracted. A Tesla with 8 cameras, radar, sonar & always being alert can definitely be superhuman.",622,5342,[],1,['thirdrowtesla']
1248178613826002949,2020-04-09 09:19:06,RT @Tesla: Tesla wins 5/6 Kelley Blue Book awards\n\nüèÜ Best Overall\nüèÜ Best Value\nüèÜ Most Refined\nüèÜ Best Performance\nüèÜ Best Styling,3234,0,[],0,['Tesla']
1248274457929682947,2020-04-09 15:39:57,@MountSinaiNYC @Tesla You‚Äôre welcome!,111,3708,[],1,"['MountSinaiNYC', 'Tesla']"
1248871502977564672,2020-04-11 07:12:23,@AbiyAhmedAli @Tesla Good talking to you too. It was an honor.,127,4328,[],1,"['AbiyAhmedAli', 'Tesla']"
1249209784374607873,2020-04-12 05:36:36,"@LivingTesla @Tesla It‚Äôs not turned on. Meant for vandalism monitoring in a robotaxi future. Also, the car has transparent windows, so spying has limited value.",82,1129,[],1,"['LivingTesla', 'Tesla']"
1249210220200550405,2020-04-12 05:38:20,@PPathole @LivingTesla @Tesla Functionality still looking good for this year. Regulatory approval is the big unknown.,155,1732,[],1,"['PPathole', 'LivingTesla', 'Tesla']"
1250596959980646401,2020-04-16 01:28:44,"@davidmholtom @Nu23ro @SciGuySpace Exactly. In mid 2009, Tesla received non-binding approval for loan program actually signed into law by Bush in late 2008. First actual disbursement was Q2 2010, long after BK danger passed. Loan was repaid early with interest. Taxpayers made money on it!!",82,1115,[],1,"['davidmholtom', 'Nu23ro', 'SciGuySpace']"
1250597479516475393,2020-04-16 01:30:48,"@davidmholtom @Nu23ro @SciGuySpace Tesla *was* saved by an investment in May 2009 from Daimler, not govt. Without that Daimler support, Tesla would have died. Super appreciated!",87,1123,[],1,"['davidmholtom', 'Nu23ro', 'SciGuySpace']"
1250602314609520641,2020-04-16 01:50:01,"@Robotbeat @ghotiing @CruizVinicius @josh119872 @SweetINXS @voteLabonte @Erdayastronaut @Tesla Tesla actually sent out ResMed, Philips & Medtronic units. Latter is fully intratracheal. My personal opinion is that some ICUs are jumping the gun on intubation & setting PEEP & O2 too high. High pressure, pure oxygen increases risk of lung damage. https://t.co/2IUnS5DPOg",103,914,[],1,"['Robotbeat', 'ghotiing', 'CruizVinicius', 'josh119872', 'SweetINXS', 'voteLabonte', 'Erdayastronaut', 'Tesla']"
1250603905794207744,2020-04-16 01:56:20,"@PPathole @Robotbeat @ghotiing @CruizVinicius @josh119872 @SweetINXS @voteLabonte @Erdayastronaut @Tesla The way things are looking right now, the world will soon be flooded with excess ventilators. Even NY is giving them away!",108,1307,[],1,"['PPathole', 'Robotbeat', 'ghotiing', 'CruizVinicius', 'josh119872', 'SweetINXS', 'voteLabonte', 'Erdayastronaut', 'Tesla']"
1250607449498775552,2020-04-16 02:10:25,"@fat__tire @Kristennetten @Robotbeat @ghotiing @CruizVinicius @josh119872 @SweetINXS @voteLabonte @Erdayastronaut @Tesla Vast majority of ‚Äúventilators‚Äù are not intratracheal, but, yes, jamming a pipe down a patient‚Äôs throat & driving in high pressure, pure oxygen is definitely not how we evolved! My personal choice would be mask with moderate pressure at ~50% O2.\nhttps://t.co/pEPVJi56Vg",78,689,[],1,"['fat__tire', 'Kristennetten', 'Robotbeat', 'ghotiing', 'CruizVinicius', 'josh119872', 'SweetINXS', 'voteLabonte', 'Erdayastronaut', 'Tesla']"
1250610980892979200,2020-04-16 02:24:27,@PPathole @fat__tire @Kristennetten @Robotbeat @ghotiing @CruizVinicius @josh119872 @SweetINXS @voteLabonte @Erdayastronaut @Tesla My (again) personal favorite is https://t.co/rM1MqsVsr1,95,623,[],1,"['PPathole', 'fat__tire', 'Kristennetten', 'Robotbeat', 'ghotiing', 'CruizVinicius', 'josh119872', 'SweetINXS', 'voteLabonte', 'Erdayastronaut', 'Tesla']"
1250628183864381440,2020-04-16 03:32:49,@RationalEtienne @PPathole @fat__tire @Kristennetten @Robotbeat @ghotiing @CruizVinicius @josh119872 @SweetINXS @voteLabonte @Erdayastronaut @Tesla Does seem that early use is wise. Solving late stage C19 probably requires two or three mechanisms of action.,41,693,[],1,"['RationalEtienne', 'PPathole', 'fat__tire', 'Kristennetten', 'Robotbeat', 'ghotiing', 'CruizVinicius', 'josh119872', 'SweetINXS', 'voteLabonte', 'Erdayastronaut', 'Tesla']"
1250844985433272320,2020-04-16 17:54:18,Partial list of hospitals to which Tesla sent ventilators https://t.co/sfI6yuUbrM,17650,190619,[],0,[]
1251221074143883264,2020-04-17 18:48:45,@CovelloMassimo @Tesla Will do,154,7269,[],1,"['CovelloMassimo', 'Tesla']"
1251619922775425024,2020-04-18 21:13:38,@marcelzimmer @parth_dhawale @Tesla The way it should be!,128,8692,[],1,"['marcelzimmer', 'parth_dhawale', 'Tesla']"
1252087986910420992,2020-04-20 04:13:33,@Kristennetten @thirdrowtesla @Tesla This is the key paragraph https://t.co/zvTWhPVcM4,121,1892,[],1,"['Kristennetten', 'thirdrowtesla', 'Tesla']"
1252088417753546752,2020-04-20 04:15:16,@teslaownersSV @Kristennetten @thirdrowtesla @Tesla Thinking about this ‚Ä¶,52,1146,[],1,"['teslaownersSV', 'Kristennetten', 'thirdrowtesla', 'Tesla']"
1252088646737391617,2020-04-20 04:16:10,"@tobyliiiiiiiiii @Kristennetten @thirdrowtesla @Tesla Yeah, and whole lot more! Aargh, I‚Äôm dying to make Cybertruck like yesterday!!",245,5581,[],1,"['tobyliiiiiiiiii', 'Kristennetten', 'thirdrowtesla', 'Tesla']"
1252098355062173696,2020-04-20 04:54:45,@batflyer @tobyliiiiiiiiii @Kristennetten @thirdrowtesla @Tesla Yes. It will even float for a while.,94,1726,[],1,"['batflyer', 'tobyliiiiiiiiii', 'Kristennetten', 'thirdrowtesla', 'Tesla']"
1253113227095007233,2020-04-23 00:07:29,"In advance of this, please try to hack Starlink & Tesla Mothership! https://t.co/msdv8Dq2BN",2149,24120,[],0,[]
1253164036356747264,2020-04-23 03:29:23,@teslaownersSV @Kristennetten @thirdrowtesla @Tesla Maybe just make Joe Mode quieter?,34,728,[],1,"['teslaownersSV', 'Kristennetten', 'thirdrowtesla', 'Tesla']"
1253171145337118721,2020-04-23 03:57:38,"@CodingMark @JosephVVallace @teslaownersSV @Kristennetten @thirdrowtesla @Tesla Yeah, it‚Äôs named after my friend Joe who suggested the feature",41,1408,[],1,"['CodingMark', 'JosephVVallace', 'teslaownersSV', 'Kristennetten', 'thirdrowtesla', 'Tesla']"
1253171352049266689,2020-04-23 03:58:27,@teslaownersSV @CodingMark @JosephVVallace @Kristennetten @thirdrowtesla @Tesla Yes,33,722,[],1,"['teslaownersSV', 'CodingMark', 'JosephVVallace', 'Kristennetten', 'thirdrowtesla', 'Tesla']"
1253172750295928833,2020-04-23 04:04:01,@MFrunker @teslaownersSV @CodingMark @JosephVVallace @Kristennetten @thirdrowtesla @Tesla Coming soon,60,936,[],1,"['MFrunker', 'teslaownersSV', 'CodingMark', 'JosephVVallace', 'Kristennetten', 'thirdrowtesla', 'Tesla']"
1253240023371132930,2020-04-23 08:31:20,RT @Teslarati: Tesla Model S and Model X get free acceleration and endurance boost in new update\nhttps://t.co/MsYXu4IMuW https://t.co/m5dlQ‚Ä¶,686,0,[],0,['Teslarati']
1253477849639653381,2020-04-24 00:16:22,@billycrammer @FlaTesla @Tesla üëç,61,2072,[],1,"['billycrammer', 'FlaTesla', 'Tesla']"
1253481409127354374,2020-04-24 00:30:31,Welcome @hiromichimizuno to the Tesla board! Honored to have you.,820,22293,[],0,['hiromichimizuno']
1253795443923918854,2020-04-24 21:18:22,@VenciKudev @Tesla Absolutely,35,1048,[],1,"['VenciKudev', 'Tesla']"
1253797489171365888,2020-04-24 21:26:30,@yourfavgas @VenciKudev @Tesla Width currently limited by size of cold-roll press needed to get steel to full hard condition. Bigger press will be built long-term.,53,1374,[],1,"['yourfavgas', 'VenciKudev', 'Tesla']"
1253901762991460353,2020-04-25 04:20:51,@cleantechnica Many talented engineers are working on FSD at Tesla. What matters is solving vision at high frame rate in our compute space with low latency between camera frame & actuation.,149,1584,[],1,['cleantechnica']
1255959207431467009,2020-04-30 20:36:24,"RT @vincent13031925: Tesla Reached 1,000 Solar Roof Production In A Single Week, Exceeding 4MW https://t.co/hW5WPdv6np",1112,0,[],0,['vincent13031925']
1256239815256797184,2020-05-01 15:11:26,Tesla stock price is too high imo,22621,199041,[],0,[]
1256339169598562306,2020-05-01 21:46:14,"@Nfdguy As always, I am optimistic about Tesla long-term",393,6150,[],1,['Nfdguy']
1257812862275186688,2020-05-05 23:22:10,@Gfilche @Tesla There are many pieces to the puzzle,147,3488,[],1,"['Gfilche', 'Tesla']"
1258068831123107840,2020-05-06 16:19:17,@InSpaceXItrust @Space_Station @Tesla @SpaceX @Commercial_Crew That was the whole company back then. Grew organically from a simple mariachi party in El Segundo.,341,11264,[],1,"['InSpaceXItrust', 'Space_Station', 'Tesla', 'SpaceX', 'Commercial_Crew']"
1258185165852995584,2020-05-07 00:01:34,"@thirdrowtesla Tesla & SpaceX are the top two destinations for engineers, because you can have the most fun creating kickass technology! That‚Äôs why.",1428,21880,[],1,['thirdrowtesla']
1258185841031016448,2020-05-07 00:04:15,@PPathole @InSpaceXItrust @Space_Station @Tesla @SpaceX @Commercial_Crew 2008 was a super tough year on all levels,97,3663,[],1,"['PPathole', 'InSpaceXItrust', 'Space_Station', 'Tesla', 'SpaceX', 'Commercial_Crew']"
1258510752396144640,2020-05-07 21:35:20,@EvaFoxU @Tesla Way more important than it sounds,137,2629,[],1,"['EvaFoxU', 'Tesla']"
1258512369954590720,2020-05-07 21:41:45,@Johnnaaaaaaaaaa @EvaFoxU @Tesla Sure :),28,1169,[],1,"['EvaFoxU', 'Tesla']"
1258513259168010240,2020-05-07 21:45:17,"@Johnnaaaaaaaaaa @EvaFoxU @Tesla It will only work for higher latitudes (Seattle) at first, then get progressively closer to the equator",54,1132,[],1,"['EvaFoxU', 'Tesla']"
1258519188471050240,2020-05-07 22:08:51,@clay_ellis @Tesla Yes,74,7409,[],1,"['clay_ellis', 'Tesla']"
1258519585260580864,2020-05-07 22:10:25,@Godmiller1 @Johnnaaaaaaaaaa @EvaFoxU @Tesla Would cover latitude of London,32,1028,[],1,"['Godmiller1', 'EvaFoxU', 'Tesla']"
1259159878427267072,2020-05-09 16:34:43,"@GerberKawasaki @thirdrowtesla Tesla is filing a lawsuit against Alameda County immediately. The unelected & ignorant ‚ÄúInterim Health Officer‚Äù of Alameda is acting contrary to the Governor, the President, our Constitutional freedoms & just plain common sense!",5868,30342,[],1,"['GerberKawasaki', 'thirdrowtesla']"
1259162367285317633,2020-05-09 16:44:37,"@GerberKawasaki @thirdrowtesla Frankly, this is the final straw. Tesla will now move its HQ and future programs to Texas/Nevada immediately. If we even retain Fremont manufacturing activity at all, it will be dependen on how Tesla is treated in the future. Tesla is the last carmaker left in CA.",14585,62359,[],1,"['GerberKawasaki', 'thirdrowtesla']"
1259169882513367040,2020-05-09 17:14:28,@KristiRJensen @EverydayElon @SjvTesla @GerberKawasaki @thirdrowtesla Exactly! Tesla knows far more about what needs to be done to be safe through our Tesla China factory experience than an (unelected) interim junior official in Alameda County.,499,4489,[],1,"['KristiRJensen', 'EverydayElon', 'SjvTesla', 'GerberKawasaki', 'thirdrowtesla']"
1259170828148600832,2020-05-09 17:18:14,@bradd_libby Tesla is the biggest manufacturer in California & second biggest exporter,859,9758,[],1,['bradd_libby']
1259252668842700800,2020-05-09 22:43:26,"@adrianfine @Tesla @cityofpaloalto Much appreciated, Mayor Fine!",150,5514,[],1,"['adrianfine', 'Tesla', 'cityofpaloalto']"
1259261146009178112,2020-05-09 23:17:07,"@thirdrowtesla @Tesla @AlamedaCounty @ACSOSheriffs @Dare2BWell I‚Äôm not messing around. Absurd & medically irrational behavior in violation of constitutional civil liberties, moreover by *unelected* county officials with no accountability, needs to stop.",4835,30529,[],1,"['thirdrowtesla', 'Tesla', 'AlamedaCounty', 'ACSOSheriffs', 'Dare2BWell']"
1259311206969442304,2020-05-10 02:36:03,RT @Tesla: https://t.co/X9dzVXLBLx,3781,0,[],0,['Tesla']
1259383505097682944,2020-05-10 07:23:20,@flcnhvy @AlamedaCounty @Tesla Exactly,119,4485,[],1,"['flcnhvy', 'AlamedaCounty', 'Tesla']"
1259691052681687040,2020-05-11 03:45:25,@PPathole @LorenaSGonzalez @Tesla Absolutely,70,2572,[],1,"['PPathole', 'LorenaSGonzalez', 'Tesla']"
1259696342554734592,2020-05-11 04:06:26,Thanks for the cool suggestions üòÄ‚ù§Ô∏èüëç More fun coming to your Tesla soon! https://t.co/QnuG6kRHM5,1853,43663,[],0,[]
1259899289381175303,2020-05-11 17:32:53,@HidalgoCounty @JudgeCortez @GovAbbott @Tesla @john_jwitt Note is much appreciated,1080,17974,[],1,"['HidalgoCounty', 'JudgeCortez', 'GovAbbott', 'Tesla', 'john_jwitt']"
1259942334143148033,2020-05-11 20:23:55,"@ChillMichelle @Tesla Yes, California approved, but an unelected county official illegally overrode. Also, all other auto companies in US are approved to resume. Only Tesla has been singled out. This is super messed up!",6827,68575,[],1,"['ChillMichelle', 'Tesla']"
1259945593805221891,2020-05-11 20:36:52,"Tesla is restarting production today against Alameda County rules. I will be on the line with everyone else. If anyone is arrested, I ask that it only be me.",78151,516515,[],0,[]
1259964164396601345,2020-05-11 21:50:40,"RT @elonmusk: @ChillMichelle @Tesla Yes, California approved, but an unelected county official illegally overrode. Also, all other auto com‚Ä¶",6827,0,[],0,"['elonmusk', 'ChillMichelle', 'Tesla']"
1259967020231098368,2020-05-11 22:02:01,"@thehill Don‚Äôt mislead the public. State said YES, an unelected county official is the problem. Tesla factory in adjacent San Joaquin county is fully operational.",3208,40845,[],1,['thehill']
1260057644263329792,2020-05-12 04:02:07,@alandail Haggerty actually admitted to NYT that he told his staff to ‚Äúslow down‚Äù Tesla for reasons that had nothing to do with health. Unreal ‚Ä¶,242,2012,[],1,['alandail']
1260157216583110656,2020-05-12 10:37:47,"@KenJennings All other car companies are allowed to manufacture *except* Tesla, you knucklehead. No wonder you got crushed by a computer the size of a pizza box.",590,7554,[],1,['KenJennings']
1260449616169971712,2020-05-13 05:59:41,"@jaredpolis @Tesla @kimbal Hi Jared, Colorado is great! I think your policies make a lot of sense.",370,11155,[],1,"['jaredpolis', 'Tesla', 'kimbal']"
1260484365659799552,2020-05-13 08:17:46,RT @Teslarati: Tesla‚Äôs proven anti-pandemic safety plan has fallen on deaf ears amid an anti-Elon Musk narrative\nhttps://t.co/MO6pdB6vDb,866,0,[],0,['Teslarati']
1260484751263248386,2020-05-13 08:19:18,RT @cleantechnica: Elon Musk‚Äôs Email To Tesla Employees Returning To¬†Work https://t.co/MYCLC79XJw,974,0,[],0,['cleantechnica']
1260850532018577408,2020-05-14 08:32:46,RT @JimBridenstine: Here‚Äôs some @Tesla news that everyone should love. Check out the Model X that will carry @AstroBehnken and @Astro_Doug‚Ä¶,3149,0,[],0,"['JimBridenstine', 'Tesla', 'AstroBehnken', 'Astro_Doug']"
1261009993588862976,2020-05-14 19:06:25,Tesla Supercharger usage by region https://t.co/1y2zL2Jizt,3193,47430,[],0,[]
1261104684476985345,2020-05-15 01:22:41,@flcnhvy Absolutely. Tesla already went through this in China with 7000 employees. Zero fatalities or serious illnesses.,623,9765,[],1,['flcnhvy']
1261106189258993665,2020-05-15 01:28:40,@flcnhvy Tesla makes the safest cars in the world & our factory injury rate is better than industry avg & tracking to be better than any auto plant in North America. We care deeply about safety at a fundamental level.,270,3000,[],1,['flcnhvy']
1262526115266035715,2020-05-18 23:30:57,Tesla Full Self-Driving option cost rises by ~$1000 worldwide on July 1st. Order a Tesla online in less than 2 minutes at https://t.co/qJm9uPBCX5,2574,30916,[],0,[]
1266436499341545472,2020-05-29 18:29:25,"@cleantechnica Worth noting that, as of Jan 1, Tesla buyers no longer received any federal tax credit. Model 3 led despite this disadvantage.",475,11407,[],1,['cleantechnica']
1269110658844393477,2020-06-06 03:35:34,Tesla Model Y review by Dan Neil https://t.co/3oS85UFaaR,1941,26693,[],0,[]
1269111460493357057,2020-06-06 03:38:45,Order a Tesla online in 2 mins at https://t.co/46TXqRrsdr,3556,52792,[],0,[]
1270029816117358593,2020-06-08 16:27:58,@emmerichvideo @Tesla Good point,35,1251,[],1,"['emmerichvideo', 'Tesla']"
1270049671046508544,2020-06-08 17:46:52,"@PPathole @Tesla Autopilot prime directive is: don‚Äôt crash. What seems fast to humans is slow to a computer. 360 degree low light vision & sonar, plus forward radar enable to be superhuman. Upcoming software upgrades will increasingly show the potential.",3301,49874,[],1,"['PPathole', 'Tesla']"
1270717491988164613,2020-06-10 14:00:33,@GerberKawasaki @Tesla (Formerly) mainstream media has systemic negative & political bias about almost everything. Reading major newspapers makes you feel sad & angry. That‚Äôs why they‚Äôre being crushed by @joerogan. Likes/retweets of old media are extremely low. Ironic article:\nhttps://t.co/78uftW0P6t,2114,14776,[],1,"['GerberKawasaki', 'Tesla', 'joerogan']"
1270717994897797121,2020-06-10 14:02:33,@ICannot_Enough @GerberKawasaki @Tesla @joerogan Yes,108,1677,[],1,"['ICannot_Enough', 'GerberKawasaki', 'Tesla', 'joerogan']"
1270718301006524416,2020-06-10 14:03:46,@flcnhvy @GerberKawasaki @Tesla @joerogan Good point!,32,1129,[],1,"['flcnhvy', 'GerberKawasaki', 'Tesla', 'joerogan']"
1270718767467646983,2020-06-10 14:05:37,@flcnhvy @GerberKawasaki @Tesla @joerogan Maybe I should retweet the top four or five point. What caught your eye the most?,52,1584,[],1,"['flcnhvy', 'GerberKawasaki', 'Tesla', 'joerogan']"
1270718896530579456,2020-06-10 14:06:08,@jgrano305 @ICannot_Enough @GerberKawasaki @Tesla @joerogan We shall see ‚Ä¶,45,1669,[],1,"['jgrano305', 'ICannot_Enough', 'GerberKawasaki', 'Tesla', 'joerogan']"
1270779603599024129,2020-06-10 18:07:22,"Posting Tesla Impact Report, this time with summary points & charts in my reply tweets https://t.co/4lyaV7kIS4",2124,24341,[],0,[]
1270783410324135936,2020-06-10 18:22:29,"Moreover, energy produced by Tesla solar deployments far exceeds energy used in our factories https://t.co/IDqf5gWeFt",388,4402,[],1,[]
1270784295733301249,2020-06-10 18:26:00,Tesla batteries are lasting much longer than 200k miles / 320k km https://t.co/z882nf6yv9,690,7983,[],1,[]
1270794583660589057,2020-06-10 19:06:53,Tesla factory workplace safety is 5% better than industry average for manufacturers & improving fast https://t.co/axmInA9fZb,603,10949,[],1,[]
1272678634952617985,2020-06-15 23:53:26,Tesla Model S now first ever electric vehicle to receive EPA range rating above 400 miles! https://t.co/EOTwVfvHS5,7611,91706,[],0,[]
1273702016221540352,2020-06-18 19:39:59,"@Teslarati Tesla has an option to purchase this land, but has not exercised it",566,18247,[],1,['Teslarati']
1273753636686856192,2020-06-18 23:05:06,@TeslaPhx @Tesla ü§£ü§£,157,13123,[],1,"['TeslaPhx', 'Tesla']"
1274019340686258176,2020-06-19 16:40:55,@KatriniaDivina @TeslaPhx @Tesla Opening in about two weeks,31,937,[],1,"['KatriniaDivina', 'TeslaPhx', 'Tesla']"
1274025076262756353,2020-06-19 17:03:43,@EvaFoxU @Tesla Moving fast,72,2000,[],1,"['EvaFoxU', 'Tesla']"
1274025664492892160,2020-06-19 17:06:03,Juneteenth is henceforth considered a US holiday at Tesla & SpaceX,34510,426958,[],0,[]
1274428318037635072,2020-06-20 19:46:03,@PPathole @Tesla Pulling up to The Petersen,248,14352,[],1,"['PPathole', 'Tesla']"
1274500133086826496,2020-06-21 00:31:25,RT @Tesla: https://t.co/26o1bAP14v,2341,0,[],0,['Tesla']
1274522648236765184,2020-06-21 02:00:53,"@aikatchu @Tesla Cool, lmk what we can do to improve the product, especially vehicle software/firmware, app & overall interaction with Tesla, as these changes can immediately improve the entire fleet",531,27852,[],1,"['aikatchu', 'Tesla']"
1274523337541193735,2020-06-21 02:03:37,@vincent13031925 @teslacn We are putting a lot of effort into improving the Tesla China experience with local engineering & great feedback from Tesla owners in China!,104,2414,[],1,"['vincent13031925', 'teslacn']"
1274544800558014464,2020-06-21 03:28:55,"@cleantechnica Tesla should really be thought of as roughly a dozen technology startups, many of which have little to no correlation with traditional automotive companies",752,8074,[],1,['cleantechnica']
1274545582925680640,2020-06-21 03:32:01,"@cleantechnica For example, we created a chip design team from scratch for the Tesla full self-driving computer, which is not something car companies do",215,2721,[],1,['cleantechnica']
1274551432973189121,2020-06-21 03:55:16,"@mattie_rogers @aikatchu @Tesla We could probably make a fun punch (click) buggy game, with extra points for rare Teslas",56,1948,[],1,"['mattie_rogers', 'aikatchu', 'Tesla']"
1274552459055165441,2020-06-21 03:59:20,"@teslaownersSV @mattie_rogers @aikatchu @Tesla Maybe, will look into it. We‚Äôd need to emulate a TV.",47,1356,[],1,"['teslaownersSV', 'mattie_rogers', 'aikatchu', 'Tesla']"
1274552873859215361,2020-06-21 04:00:59,@TheGledinator @teslaownersSV @mattie_rogers @aikatchu @Tesla Haha Teslas all the way down,29,1178,[],1,"['TheGledinator', 'teslaownersSV', 'mattie_rogers', 'aikatchu', 'Tesla']"
1274572439133933569,2020-06-21 05:18:44,RT @cleantechnica: Exclusive Pro Photos: Tesla Cybertruck At The Petersen Auto¬†Museum https://t.co/3ixBOsRTst,590,0,[],0,['cleantechnica']
1274616317350301697,2020-06-21 08:13:05,Tesla Bioweapon Defense Mode\nhttps://t.co/48s5D3ZQO0,2463,24940,[],0,[]
1274901029356593152,2020-06-22 03:04:26,Enabling basic Tesla Autopilot via Tesla in-app purchase is reduced to $2k until July 1,1433,38500,[],0,[]
1274901279475564544,2020-06-22 03:05:26,Reminder that Tesla Full Self-Driving (FSD) price goes up by $1k on July 1st,2484,69942,[],0,[]
1274902689533444097,2020-06-22 03:11:02,Tentative date for Tesla Shareholder Meeting & Battery Day is Sept 15. Will include tour of cell production system.,2174,34141,[],0,[]
1275953657788239873,2020-06-25 00:47:12,"RT @cleantechnica: Wall Street Journal: Tesla Model Y Offers ‚ÄúFierce, Velvety‚Äù Driving¬†Characteristics https://t.co/dGY24gCVLz",589,0,[],0,['cleantechnica']
1275986119872573448,2020-06-25 02:56:12,Apologies to Tesla customers for shifting delivery dates. It‚Äôs a crazy world out there!,2253,85559,[],0,[]
1275986553060220929,2020-06-25 02:57:55,Special thanks to Tesla trucking & rail partners for figuratively & literally going the extra mile,636,32997,[],1,[]
1276219492591300613,2020-06-25 18:23:32,@blue_bnd @TomAbbotDavies1 @Tesla @thirdrowtesla @teslaownersSV @TeslaPodcast @TeslaOwnersWW @TeslaOwnersUK @Model3Owners Looks pretty cool,270,11824,[],1,"['blue_bnd', 'TomAbbotDavies1', 'Tesla', 'thirdrowtesla', 'teslaownersSV', 'TeslaPodcast', 'TeslaOwnersWW', 'TeslaOwnersUK', 'Model3Owners']"
1276284502290034688,2020-06-25 22:41:52,RT @GerberKawasaki: First thoughts driving my new Tesla model Y. Review and discussion of what I learned at Tesla today and outlook for the‚Ä¶,723,0,[],0,['GerberKawasaki']
1276289243443126272,2020-06-25 23:00:42,@lulusdave @Tesla Glad you‚Äôre ok,43,1820,[],1,"['lulusdave', 'Tesla']"
1276394253707440131,2020-06-26 05:57:58,Only a matter of time before someone steals a Tesla while playing GTA on a Tesla,33606,373902,[],0,[]
1277360027607556096,2020-06-28 21:55:37,RT @_TomCross_: Cybertruck inside Petersen Automotive Museum.\n#tesla #Cybertruck https://t.co/2XaZoM40Ve,1241,0,"['tesla', 'Cybertruck']",0,['_TomCross_']
1277386215382110211,2020-06-28 23:39:41,"Btw, Tesla actually receives *least* subsidies of any automaker in US. Federal tax credit applies to other automaker EVs, but no longer Tesla.",1022,18130,[],1,[]
1277517647551188996,2020-06-29 08:21:56,@Garrett_Watts @_TomCross_ @Tesla @Petersen_Museum Cybertruck does feel like cgi irl,82,3047,[],1,"['Garrett_Watts', '_TomCross_', 'Tesla', 'Petersen_Museum']"
1277803781984575488,2020-06-30 03:18:56,RT @teslaownersSV: The tesla supercharger provides an ecosystem and network of amazing travel and shopping opportunities. I plan a lot of t‚Ä¶,869,0,[],0,['teslaownersSV']
1278410698574499841,2020-07-01 19:30:36,"Tesla Impact Report (repost). We do everything humanly possible to source materials & produce sustainable energy cars, batteries & solar ethically. Suggestions for improvement are always appreciated.\n\nhttps://t.co/WCemMJ44um",2802,28671,[],0,[]
1278451464562753537,2020-07-01 22:12:36,"@GovStitt @Tesla Wow, I‚Äôve never seen this level of support! Out of respect, seems like I should at least visit.",523,12801,[],1,"['GovStitt', 'Tesla']"
1278453977437388804,2020-07-01 22:22:35,@mojosusan @GovStitt @Tesla I love Texas! Starship production complex is in Boca Chica & SpaceX engine development has been in McGregor for almost 18 years.,87,1745,[],1,"['mojosusan', 'GovStitt', 'Tesla']"
1278578543044300805,2020-07-02 06:37:34,"@SamTalksTesla @tlowdon @daniellevitt22 Tesla, as a side project, is building RNA microfactories for CureVac & possibly others",307,1964,[],1,"['SamTalksTesla', 'tlowdon', 'daniellevitt22']"
1278579417967665152,2020-07-02 06:41:02,"@Kristennetten @SamTalksTesla @tlowdon @daniellevitt22 Yes, at Tesla Grohmann",49,1069,[],1,"['Kristennetten', 'SamTalksTesla', 'tlowdon', 'daniellevitt22']"
1278736773820997632,2020-07-02 17:06:19,RT @Teslarati: Tesla crushes Wall Street‚Äôs Q2 estimates with over 90k deliveries $TSLA\nhttps://t.co/zSBqpFaSjS,1068,0,[],0,['Teslarati']
1278760548188983296,2020-07-02 18:40:47,Tesla will make fabulous short shorts in radiant red satin with gold trim,11399,172961,[],0,[]
1278782112074735617,2020-07-02 20:06:28,Thanks Tesla owners & investors! Love you!! We will work super hard to earn your trust & support. https://t.co/6mgcmlLTsA,2862,43828,[],0,[]
1278941816306438145,2020-07-03 06:41:05,@ChrisMacFarland @Tesla Thanks!,60,6177,[],1,"['ChrisMacFarland', 'Tesla']"
1279196799534841856,2020-07-03 23:34:17,"@Lockl34r @Tesla Unfortunately, there are thousands of automotive design rule differences between US & EU, including completely different charge ports. Gets worse every year. Not our choice.",685,30862,[],1,"['Lockl34r', 'Tesla']"
1279213282520375296,2020-07-04 00:39:47,"@EvaFoxU @Tesla Others will probably pass human trials first, but this machine is pretty special for generalized vaccine production. Was originally intended for rabies, which is a very tricky virus.",205,4112,[],1,"['EvaFoxU', 'Tesla']"
1279214865954025472,2020-07-04 00:46:05,"RT @Tesla: Tesla Q2 2020 Vehicle Production & Deliveries | Tesla, Inc. https://t.co/hgJDXLWmBg",1639,0,[],0,['Tesla']
1279262905410568193,2020-07-04 03:56:58,@GovStitt @Tesla @BearAgencyGroup @signal_factory Thanks for hosting me in Tulsa today!,145,2039,[],1,"['GovStitt', 'Tesla', 'BearAgencyGroup', 'signal_factory']"
1279275487877951488,2020-07-04 04:46:58,Congrats Tesla Team ‚Äî U ROK!! https://t.co/lW7Ist98IY,1664,38650,[],0,[]
1279311490130915328,2020-07-04 07:10:02,"@HassanAesthetic Yeah, Tesla app would enable you to release your car into the fleet & summon it back at will",77,1723,[],1,['HassanAesthetic']
1279845976916676608,2020-07-05 18:33:53,"@spaceguy_24 @teslaownersSV @EvaFoxU @cnunezimages @Tesla Yeah, but first we need to finish Giga Berlin and a second US Giga to serve eastern half of North America",61,1127,[],1,"['spaceguy_24', 'teslaownersSV', 'EvaFoxU', 'cnunezimages', 'Tesla']"
1280597571459833863,2020-07-07 20:20:28,"@valleyhack Essentially. Long-term purpose of my Tesla stock is to help make life multiplanetary to ensure it‚Äôs continuance. The massive capital needs are in 10 to 20 years. By then, if we‚Äôre fortunate, Tesla‚Äôs goal of accelerating sustainable energy & autonomy will be mostly accomplished.",2761,40576,[],1,['valleyhack']
1281003416970387456,2020-07-08 23:13:09,@vincent13031925 @teslacn @EvaFoxU Tesla China team is awesome!,247,8505,[],1,"['vincent13031925', 'teslacn', 'EvaFoxU']"
1281631025366355969,2020-07-10 16:47:02,@EvaFoxU @Tesla Berlin Model Y is the one to watch. That is a revolution in automotive body engineering (finally).,440,7163,[],1,"['EvaFoxU', 'Tesla']"
1281631314853031936,2020-07-10 16:48:11,@scr00chy @EvaFoxU @Tesla üëÄ,51,1176,[],1,"['scr00chy', 'EvaFoxU', 'Tesla']"
1281631660228796416,2020-07-10 16:49:34,@Techgnostik @EvaFoxU @Tesla Ok,14,884,[],1,"['Techgnostik', 'EvaFoxU', 'Tesla']"
1281631834296614914,2020-07-10 16:50:15,@blue_bnd @EvaFoxU @Tesla Even more,44,1018,[],1,"['blue_bnd', 'EvaFoxU', 'Tesla']"
1281632660075319298,2020-07-10 16:53:32,@mjkapkan @EvaFoxU @Tesla Probably a good one to design & engineer in Germany,112,2169,[],1,"['mjkapkan', 'EvaFoxU', 'Tesla']"
1281634910269140993,2020-07-10 17:02:28,@TeslaParaTodos @EvaFoxU @Tesla üëÄ,51,1250,[],1,"['TeslaParaTodos', 'EvaFoxU', 'Tesla']"
1283109514493849600,2020-07-14 18:42:01,@engineers_feed Playable on any Tesla!,251,12419,[],1,['engineers_feed']
1283110434824876032,2020-07-14 18:45:41,"@teslaownersSV @engineers_feed The strength & perseverance of the people of Tesla, despite facing extreme difficulties",149,2454,[],1,"['teslaownersSV', 'engineers_feed']"
1283111111609339904,2020-07-14 18:48:22,"@WholeMarsBlog Tesla Autopilot was literally named after the term used in aviation. Also, what about Autobahn!?",272,6488,[],1,['WholeMarsBlog']
1283112475903156225,2020-07-14 18:53:47,@TeslaAircraft @flcnhvy @Tesla Exactly,63,2584,[],1,"['TeslaAircraft', 'flcnhvy', 'Tesla']"
1283218397623316480,2020-07-15 01:54:41,@GerberKawasaki Great work by Tesla software engineering,120,3395,[],1,['GerberKawasaki']
1284923261239713798,2020-07-19 18:49:12,"RT @businessinsider: Tesla's Model 3 received top marks from safety organizations in North America, Europe, and Australia https://t.co/NB92‚Ä¶",2686,0,[],0,['businessinsider']
1286100964852686849,2020-07-23 00:48:59,RT @Tesla: https://t.co/jmkacbRb5D,2628,0,[],0,['Tesla']
1286269091439955975,2020-07-23 11:57:03,@tomosman @Tesla Absolutely,95,4744,[],1,"['tomosman', 'Tesla']"
1286269390107926531,2020-07-23 11:58:14,@LudaLisl @Tesla Can‚Äôt emphasize this enough,230,13769,[],1,"['LudaLisl', 'Tesla']"
1286450016803069952,2020-07-23 23:55:59,"@Tesla We are actually looking for revolutionary actuaries for Tesla Insurance! Please inquire, if interested.",1002,19406,[],1,['Tesla']
1286665488957878273,2020-07-24 14:12:12,@realDonaldTrump @Tesla Thank you on behalf of the Tesla team. We look forward to building Giga Texas!,5408,94860,[],1,"['realDonaldTrump', 'Tesla']"
1286672262435942400,2020-07-24 14:39:07,Tesla solar panels are $1.49/Watt \nhttps://t.co/5LpLhqgAzw,4420,56441,[],0,[]
1286965522559569922,2020-07-25 10:04:25,@teslacn Tesla will add a power lift gate at no cost,1358,51080,[],1,['teslacn']
1287204969989443586,2020-07-26 01:55:54,@RandyVegetables Some of whom seriously think Tesla toppled the Bolivian govt (sigh) https://t.co/yC5gaa12DW,322,8203,[],1,['RandyVegetables']
1287345460580147201,2020-07-26 11:14:10,RT @MKBHD: NEW VIDEO - Why Tesla Model Y is Their Most Important Car! [Auto Focus Ep 5]\n\nhttps://t.co/3lC3l2Rgcj https://t.co/L65zAxYcTr,1356,0,[],0,['MKBHD']
1288265150928125952,2020-07-29 00:08:41,"@Teslarati Tesla is open to licensing software and supplying powertrains & batteries. We‚Äôre just trying to accelerate sustainable energy, not crush competitors!",3086,34071,[],1,['Teslarati']
1288680039823765504,2020-07-30 03:37:18,@mkarolian @Tesla Thanks for letting me know. Will dig into it.,24,1049,[],1,"['mkarolian', 'Tesla']"
1288722022323781633,2020-07-30 06:24:08,@PPathole Sounds like he doesn‚Äôt realize Tesla makes the vaccine machine for CureVac,809,11823,[],1,['PPathole']
1289462951557005312,2020-08-01 07:28:19,RT @Tesla: Tesla Q2 Vehicle Safety Report https://t.co/C7no6bBwGc,1110,0,[],0,['Tesla']
1289466574353522688,2020-08-01 07:42:43,"RT @cleantechnica: Tesla Autopilot Accidents: 1 out of 4,530,000 Miles; US Average: 1 out of 479,000¬†Miles https://t.co/NnBeTmY1Tr",2673,0,[],0,['cleantechnica']
1289785156799090689,2020-08-02 04:48:39,@NatalCicuto @Tesla @Kristennetten @TeslaForThe_Win Working on it,176,12792,[],1,"['NatalCicuto', 'Tesla', 'Kristennetten', 'TeslaForThe_Win']"
1291197640965623810,2020-08-06 02:21:21,RT @Tesla: Looking up in Model Y https://t.co/iAfpJ491Zz,5132,0,[],0,['Tesla']
1292180273254154241,2020-08-08 19:25:59,"@WR4NYGov @BernieSanders Good analysis. He also includes a govt loan for high efficiency vehicles that Tesla paid back with interest several years, unlike other auto companies.",141,1796,[],1,"['WR4NYGov', 'BernieSanders']"
1292184948233969664,2020-08-08 19:44:33,"@BernieSanders And why aim your attacks at Tesla, when we‚Äôre doing more than any other company on Earth to advance green/sustainable energy? Have you read the news? https://t.co/34tzBk5TIv",1929,18748,[],1,['BernieSanders']
1292215145750360065,2020-08-08 21:44:33,"@PPathole @BernieSanders Over time, since we give all employees shares, my ownership is diluted automatically. From the first financing round, where I owned ~60% of Tesla to today at ~20%, it has declined by a factor of 3.",221,2680,[],1,"['PPathole', 'BernieSanders']"
1292996594371948545,2020-08-11 01:29:45,@Mark_Goldberg_ @Tesla Note the fabulous plaid jacket & gingham shirt combo ü§£,203,11567,[],1,"['Mark_Goldberg_', 'Tesla']"
1292997657120497664,2020-08-11 01:33:58,@Mark_Goldberg_ @Tesla I was trying to channel Herb Tarlek from WKRP https://t.co/0RC72S0ZAY,41,1796,[],1,"['Mark_Goldberg_', 'Tesla']"
1292997808576819200,2020-08-11 01:34:34,"@Mark_Goldberg_ @Tesla One day soon, I will wear this outfit https://t.co/T0SnF4UgYK",178,4398,[],1,"['Mark_Goldberg_', 'Tesla']"
1294345899280175104,2020-08-14 18:51:24,@Teslarati Tesla team is working hard on increasing Powerwall production,190,4643,[],1,['Teslarati']
1294371531133317120,2020-08-14 20:33:15,Tesla is developing a NN training computer called Dojo to process truly vast amounts of video data. It‚Äôs a beast! Please consider joining our AI or computer/chip teams if this sounds interesting.,9348,124532,[],0,[]
1294722951896395776,2020-08-15 19:49:41,@ICannot_Enough @flcnhvy @Tesla Your insights over the years have been excellent. That‚Äôs approximately right.,70,1754,[],1,"['ICannot_Enough', 'flcnhvy', 'Tesla']"
1294724702967984128,2020-08-15 19:56:38,"@ICannot_Enough @flcnhvy @Tesla Autopilot was trapped in a local maximum, labeling single camera images uncorrelated in time. Now, it is not.",103,1741,[],1,"['ICannot_Enough', 'flcnhvy', 'Tesla']"
1294725858960084992,2020-08-15 20:01:14,@PPathole @ICannot_Enough @flcnhvy @Tesla Dojo is still being built. Maybe a year or so from V1.0.,33,837,[],1,"['PPathole', 'ICannot_Enough', 'flcnhvy', 'Tesla']"
1294727006383247360,2020-08-15 20:05:47,"@teslaownersSV @PPathole @ICannot_Enough @flcnhvy @Tesla A lot of work remains. Technically, we have it working in sim with FPGAs at ~0.01% capability. This will be a true supercomputer.",69,1183,[],1,"['teslaownersSV', 'PPathole', 'ICannot_Enough', 'flcnhvy', 'Tesla']"
1294728076450869248,2020-08-15 20:10:02,"@flcnhvy @ICannot_Enough @Tesla This is out of our hands, so hard to predict. Maybe on order of 10 billion km of real world driving will be enough to convince regulators.",86,1899,[],1,"['flcnhvy', 'ICannot_Enough', 'Tesla']"
1295055829826072576,2020-08-16 17:52:25,"@EuricSanti @luisabinader @Tesla Thank you, Tesla is most honored!",2201,30275,[],1,"['EuricSanti', 'luisabinader', 'Tesla']"
1295223414064664577,2020-08-17 04:58:20,@PPathole The ‚Äúearly investor‚Äù part of Tesla is wrong. That bs has been pushed by Eberhard (worst person I‚Äôve ever worked with and that‚Äôs saying something!) for years.,75,1497,[],1,['PPathole']
1295886219168092161,2020-08-19 00:52:05,RT @Tesla: Big updates in üá®üá¶ \n\n‚Äì Trans-Canada Supercharging ‚úÖ \n‚Äì Model Y deliveries ‚úÖ \n‚Äì Leasing for Model Y & Model 3 üéØ\nhttps://t.co/gyFBE‚Ä¶,1467,0,[],0,['Tesla']
1296168444237418497,2020-08-19 19:33:33,"@TeslaTested That‚Äôs an error in Canada. The lease payment is specifically lower than loan financing, as Tesla expects to repossess the car. This is essentially a bet on residual value. If you believe residual value will rise, buy on loan, if you think it will drop, then lease.",79,1990,[],1,['TeslaTested']
1296360799498391552,2020-08-20 08:17:54,New Tesla feature coming that enables your car to play snake jazz or Polynesian elevator music through its outside speakers wherever you go,9574,147288,[],0,[]
1296525166520840192,2020-08-20 19:11:02,More fun games coming soon to ur Tesla https://t.co/zBdYGOuHsz,30649,259191,[],0,[]
1296821880758734848,2020-08-21 14:50:04,RT @jaxzin: Power is flowing again from the grid. \nGrateful for my @Tesla #Powerwall and 162 hours of uninterrupted backup power. ‚ö°Ô∏è‚ö°Ô∏è‚ö°Ô∏è ht‚Ä¶,614,0,['Powerwall'],0,"['jaxzin', 'Tesla']"
1296996756735930368,2020-08-22 02:24:58,"RT @Teslarati: Tesla Model 3 is ‚Äúmost satisfying‚Äù car across all ages, study reveals https://t.co/ka0iha7z6C https://t.co/XUZMuLvFHF",1302,0,[],0,['Teslarati']
1298667156687781889,2020-08-26 17:02:32,"@Erdayastronaut @Tesla No, we‚Äôre focused on developing new products & scaling production",189,4411,[],1,"['Erdayastronaut', 'Tesla']"
1298729549908377603,2020-08-26 21:10:28,@Teslarati Tesla brake lights are powered by a miniverse inside a microverse https://t.co/aduoTl537T,448,7067,[],1,['Teslarati']
1299175947174780929,2020-08-28 02:44:17,@GerberKawasaki @Tesla Thanks to a smart and hardworking team at Tesla. These sure are wild times ‚Ä¶,513,15960,[],1,"['GerberKawasaki', 'Tesla']"
1299239536535375872,2020-08-28 06:56:58,"@flcnhvy @DJSnM Neuralink this month & Tesla next month, SpaceX probably October. We will have made a lot of progress by then. Might have a prototype booster hop done by then.",522,6441,[],1,"['flcnhvy', 'DJSnM']"
1300077893352030209,2020-08-30 14:28:18,"@tlowdon @EthicalSkeptic Some of the tests we initially tried at Tesla were ~50% false positive, including some from major medical device companies. Too many testing methods were approved too quickly. Wouldn‚Äôt blame the FDA, though. Public was demanding fast test approval.",1718,13762,[],1,"['tlowdon', 'EthicalSkeptic']"
1300081216218189825,2020-08-30 14:41:30,"@kulpability @tlowdon @EthicalSkeptic One person at Tesla (out of 60,000) was hospitalized in serious condition (he caught cov2 at home, not work), no deaths. I called his wife & Hayward hospital to make sure he was getting the right treatment, but which he was.",331,2727,[],1,"['kulpability', 'tlowdon', 'EthicalSkeptic']"
1300129744046952448,2020-08-30 17:54:20,"@Teslarati Tesla Germany designed & built the vaccine RNA printers for CureVac, but, subject to some CureVac IP, they could be made for other companies too",373,5661,[],1,['Teslarati']
1301305518196224001,2020-09-02 23:46:27,@StefanTPeterson @Tesla Trust ur butt haha,230,4082,[],1,"['StefanTPeterson', 'Tesla']"
1301639805995020289,2020-09-03 21:54:47,@sara_boutall @Tesla ü§£ü§£,94,6084,[],1,"['sara_boutall', 'Tesla']"
1303102454741958656,2020-09-07 22:46:50,"If you bombard Earth with enough photons, eventually it emits a Tesla (AK)",6201,114097,[],0,[]
1303743774330441728,2020-09-09 17:15:12,"@RBReich All Tesla workers also get stock, so their compensation increased proportionately. You are a modern day moron.",7044,45425,[],1,['RBReich']
1303781933244178433,2020-09-09 19:46:50,RT @Teslarati: Tesla Energy ramps hiring at Giga New York for accelerated solar production\nhttps://t.co/Iha2DREwu0,830,0,[],0,['Teslarati']
1303802636827799555,2020-09-09 21:09:06,Tesla Model S & X have hospital-grade (HEPA) air filters. 3 & Y are really good too. This has a big effect on health. https://t.co/48s5D3IfWs,2838,26907,[],0,[]
1303894146919403521,2020-09-10 03:12:44,@DisruptResearch Tesla R&D productivity is exceptionally good due to the caliber of engineering talent,172,2195,[],1,['DisruptResearch']
1303897732487274497,2020-09-10 03:26:59,"@DisruptResearch Tesla is best understood as a collection of about a dozen startups, mostly in series, increasingly in parallel. Every product line & new production system was invented. Instead of playing chess with the same pieces as everyone else, create new pieces.",1118,6752,[],1,['DisruptResearch']
1304163298934480905,2020-09-10 21:02:15,@MonicaLewinsky Try a Tesla & you‚Äôre welcome to give it back if you decide you prefer a Subaru,3034,98491,[],1,['MonicaLewinsky']
1304175179606695937,2020-09-10 21:49:27,Bitte arbeiten Sie bei Tesla Giga Berlin! Es wird super Spa√ü machen!! https://t.co/FcNoPr2oII,2584,37843,[],0,[]
1304802133355556864,2020-09-12 15:20:45,"@brandonbernicky @WholeMarsBlog Releasing private beta in 2 to 4 weeks, public beta (early access owners who opt in) 4 to 6 weeks after that, then all US Tesla owners mid December. Above schedule is contingent upon not encountering major unexpected setbacks.",250,1920,[],1,"['brandonbernicky', 'WholeMarsBlog']"
1305963993165697026,2020-09-15 20:17:34,@jackfarrington @Tesla Good point,17,965,[],1,"['jackfarrington', 'Tesla']"
1306326594202431488,2020-09-16 20:18:25,Fallout Shelter is on your Tesla. Tap the Entertainment button.,4710,100265,[],0,[]
1307356512411672578,2020-09-19 16:30:56,"@TrungTPhan To be frank, in the early days, I thought there was >90% chance that both SpaceX & Tesla would be worth $0. The press & aerospace / automotive industry at the time (correctly) agreed with me.",1357,30423,[],1,['TrungTPhan']
1307360795064442881,2020-09-19 16:47:57,@Model3Owners @TrungTPhan It took an utterly insane amount of work to move the SpaceX & Tesla success probabilities above ~zero,410,4366,[],1,"['Model3Owners', 'TrungTPhan']"
1307822558084034560,2020-09-20 23:22:50,@llamaa35079089 @ID_AA_Carmack @Tesla You really want waypoints this much?,141,3343,[],1,"['ID_AA_Carmack', 'Tesla']"
1308140871041204225,2020-09-21 20:27:42,@singing__surfer I‚Äôm pretty sure Tesla could do a much better autocorrect. The bar is so low haha.,208,7065,[],1,['singing__surfer']
1308148212876812289,2020-09-21 20:56:52,"Important note about Tesla Battery Day unveil tomorrow. This affects long-term production, especially Semi, Cybertruck & Roadster, but what we announce will not reach serious high-volume production until 2022.",5942,72602,[],0,[]
1308511431378124800,2020-09-22 21:00:10,RT @CARandDRIVER: We drove a Model S Long Range Plus for 422.7 miles in California and believe we could have made it to 430. @Tesla explain‚Ä¶,632,0,[],0,"['CARandDRIVER', 'Tesla']"
1308511896635494401,2020-09-22 21:02:01,@tobyliiiiiiiiii @CARandDRIVER @Tesla Haha,115,2718,[],1,"['tobyliiiiiiiiii', 'CARandDRIVER', 'Tesla']"
1308681468793643009,2020-09-23 08:15:50,@tobyliiiiiiiiii @Tesla Roadster will be better,224,3972,[],1,"['tobyliiiiiiiiii', 'Tesla']"
